[
    {"model": "app.Recipe", "pk": 1,
     "fields": {"author": 1,
                "name": "Vanilla Porter",
                "insert_date": "2008-03-13 23:10:45",
                "batch_size": "5",
                "batch_size_units": "gl",
                "style": 67,
                "type": "a",
                "private": false}},
    {"model": "app.Recipe", "pk": 2,
     "fields": {"author": 1,
                "name": "Marzën",
                "insert_date": "2008-03-12",
                "batch_size": "5",
                "batch_size_units": "gl",
                "style": 38,
                "type": "a",
                "private": false}},
    {"model": "app.Recipe", "pk": 3,
     "fields": {"author": 1,
                "name": "IPA",
                "insert_date": "2008-03-16 14:22:10",
                "batch_size": "5",
                "batch_size_units": "gl",
                "style": 77,
                "type": "a",
                "private": false}},

    {"model": "app.RecipeGrain", "pk": 1,
     "fields": {"recipe": 1,
                "grain": 4,
                "amount_value": 12,
                "amount_units": "lb"}},
    {"model": "app.RecipeGrain", "pk": 2,
     "fields": {"recipe": 2,
                "grain": 14,
                "amount_value": 3,
                "amount_units": "lb"}},

    {"model": "app.RecipeHop", "pk": 1,
     "fields": {"recipe": 1,
                "hop": 2,
                "amount_value": 1,
                "amount_units": "oz",
                "boil_time": 60}},
    {"model": "app.RecipeHop", "pk": 2,
     "fields": {"recipe": 1,
                "hop": 1,
                "amount_value": 1,
                "amount_units": "oz",
                "boil_time": 30}},
    {"model": "app.RecipeHop", "pk": 3,
     "fields": {"recipe": 2,
                "hop": 2,
                "amount_value": 1,
                "amount_units": "oz",
                "boil_time": 60}},
    {"model": "app.RecipeHop", "pk": 4,
     "fields": {"recipe": 2,
                "hop": 1,
                "amount_value": 1,
                "amount_units": "oz",
                "boil_time": 30}},
    
    {"model": "app.Brew", "pk": 1,
     "fields": {"recipe": 2,
                "brew_date": "2008-03-12 17:15:00",
                "brewer": 1,
                "notes": "3.25 lbs 2-row\n3.25 lbs Pilsner\n1.5 lbs Munic\n1 lbs Cara-pils",
                "last_update_date": "2008-03-13 00:55:00",
                "last_state": "vourlauf",
                "is_done": 0}},
    {"model": "app.Brew", "pk": 2,
     "fields": {"brew_date": "2007-10-28",
                "brewer": 1,
                "notes": "5 gal Cider must\nCampden sanitized\nAle yeast",
                "last_update_date": "2008-01-13 00:55:00",
                "last_state": "keg",
                "is_done": 1}},
    {"model": "app.Brew", "pk": 3,
     "fields": {"recipe": 1,
                "brew_date": "2007-10-21",
                "brewer": 1,
                "notes": "10 lbs 2-row (Maris Otter)\n1.25 lbs Crystal 60°\n0.75 lbs Chocolate\n1 oz Northern Brewer, plug, @ 60min\nWyeast 1272 yeast cake (from 80/-)",
                "last_update_date": "2007-12-02",
                "last_state": "ferm2",
                "is_done": 0}},
    {"model": "app.Brew", "pk": 4,
     "fields": {"recipe": 3,
                "brew_date": "2008-10-05",
                "brewer": 1,
                "is_done": 0}},

{"model": "app.Step", "pk": 3, "fields": {"brew": 1, "type": "strike", "date": "2008-03-12 17:15:00", "volume": "4.5", "temp": 167, "volume_units": "gl", "temp_units": "f", "entry_date": "2008-03-12 17:15:00"}},
{"model": "app.Step", "pk": 4, "fields": {"brew": 1, "type": "strike", "date": "2008-03-12 17:52:00", "volume": "4.76", "temp": 167, "volume_units": "gl", "temp_units": "f", "entry_date": "2008-03-12 17:52:00"}},
{"model": "app.Step", "pk": 5, "fields": {"brew": 1, "type": "dough", "date": "2008-03-13 00:41:58", "volume": "4.75", "temp": 167, "volume_units": "gl", "temp_units": "f", "entry_date": "2008-03-13 00:41:58"}},
{"model": "app.Step", "pk": 6, "fields": {"brew": 1, "type": "mash", "date": "2008-03-13 00:54:30", "temp": 152, "volume_units": "gl", "temp_units": "f", "entry_date": "2008-03-13 00:54:30"}},
{"model": "app.Step", "pk": 7, "fields": {"brew": 1, "type": "vourlauf", "date": "2008-03-13 00:55:00", "volume_units": "gl", "temp_units": "f", "entry_date": "2008-03-13 00:55:00"}},
{"model": "app.Step", "pk": 8, "fields": {"brew": 1, "type": "vourlauf", "date": "2008-03-13 00:55:00", "volume_units": "gl", "temp_units": "f", "entry_date": "2008-03-13 00:55:00"}},
{"model": "app.Step", "pk": 9, "fields": {"brew": 1, "type": "vourlauf", "date": "2008-03-13 00:55:00", "volume_units": "gl", "temp_units": "f", "entry_date": "2008-03-13 00:55:00"}},

{"model": "app.Step", "pk": 10, "fields": {"brew": 2, "type": "keg", "date": "2008-01-13 00:00:00", "gravity": "1.006", "temp": 56, "volume_units": "gl", "temp_units": "f", "entry_date": "2008-01-13 00:00:00"}},
{"model": "app.Step", "pk": 11, "fields": {"brew": 2, "type": "pitch", "date": "2007-10-27 00:00:00", "volume": 5, "gravity": "1.051", "temp": 48, "volume_units": "gl", "temp_units": "f", "entry_date": "2007-10-27 00:00:00"}},
{"model": "app.Step", "pk": 12, "fields": {"brew": 2, "type": "ferm1", "date": "2007-11-19 00:00:00", "gravity": "1.002", "temp": 58, "volume_units": "gl", "temp_units": "f", "entry_date": "2007-11-19 00:00:00"}},

{"model": "app.Step", "pk": 13, "fields": {"brew": 3, "type": "pitch", "date": "2007-10-27 00:00:00", "volume": 5, "gravity": "1.051", "temp": 58, "volume_units": "gl", "temp_units": "f", "entry_date": "2007-10-27 00:00:00"}},
{"model": "app.Step", "pk": 14, "fields": {"brew": 3, "type": "ferm1", "date": "2007-11-19 00:00:00", "gravity": "1.012", "temp": 58, "volume_units": "gl", "temp_units": "f", "entry_date": "2007-11-19 00:00:00"}},
{"model": "app.Step", "pk": 15, "fields": {"brew": 3, "type": "keg", "date": "2008-01-13 00:00:00", "gravity": "1.003", "temp": 58, "volume_units": "gl", "temp_units": "f", "entry_date": "2008-01-13 00:00:00"}},

{"model": "app.Step", "pk": 16, "fields": {"brew": 4, "type": "strike", "date": "2007-10-21 11:50:00", "volume": 4, "temp": 167, "volume_units": "gl", "temp_units": "f", "entry_date": "2007-10-21 11:50:00"}},
{"model": "app.Step", "pk": 17, "fields": {"brew": 4, "type": "dough", "date": "2007-10-21 11:50:00", "temp": 157, "volume_units": "gl", "temp_units": "f", "entry_date": "2007-10-21 11:50:00"}},
{"model": "app.Step", "pk": 18, "fields": {"brew": 4, "type": "mash", "date": "2007-10-21 12:20:00", "temp": 154, "volume_units": "gl", "temp_units": "f", "entry_date": "2007-10-21 12:20:00"}},
{"model": "app.Step", "pk": 19, "fields": {"brew": 4, "type": "mash", "date": "2007-10-21 12:50:00", "temp": 152, "volume_units": "gl", "temp_units": "f", "entry_date": "2007-10-21 12:50:00"}},
{"model": "app.Step", "pk": 20, "fields": {"brew": 4, "type": "batch1-start", "date": "2007-10-21 12:50:00", "gravity": "1.063", "gravity_orig": "1.060", "gravity_orig_temp": "83.0", "gravity_orig_temp_units": "f", "temp": 78, "volume_units": "gl", "temp_units": "f", "entry_date": "2007-10-21 12:50:00"}},
{"model": "app.Step", "pk": 21, "fields": {"brew": 4, "type": "batch1-end", "date": "2007-10-21 12:50:00", "volume": 2, "volume_units": "gl", "temp_units": "f", "entry_date": "2007-10-21 12:50:00"}},
{"model": "app.Step", "pk": 22, "fields": {"brew": 4, "type": "batch2-start", "date": "2007-10-21 12:50:00", "gravity": "1.04", "temp": 85, "volume_units": "gl", "temp_units": "f", "entry_date": "2007-10-21 12:50:00"}},
{"model": "app.Step", "pk": 23, "fields": {"brew": 4, "type": "batch2-end", "date": "2007-10-21 12:50:00", "volume": "3.75", "volume_units": "gl", "temp_units": "f", "entry_date": "2007-10-21 12:50:00"}},
{"model": "app.Step", "pk": 24, "fields": {"brew": 4, "type": "boil-start", "date": "2007-10-21 13:45:00", "volume": "5.75", "gravity": "1.048", "temp": 98, "volume_units": "gl", "temp_units": "f", "entry_date": "2007-10-21 13:45:00"}},
{"model": "app.Step", "pk": 25, "fields": {"brew": 4, "type": "boil-add", "date": "2007-10-21 13:45:00", "notes": "hops", "volume_units": "gl", "temp_units": "f", "entry_date": "2007-10-21 13:45:00"}},
{"model": "app.Step", "pk": 26, "fields": {"brew": 4, "type": "pitch", "date": "2007-10-21 13:45:00", "volume": "5.5", "gravity": "1.058", "temp": 84, "volume_units": "gl", "temp_units": "f", "entry_date": "2007-10-21 13:45:00"}},
{"model": "app.Step", "pk": 27, "fields": {"brew": 4, "type": "ferm1", "date": "2007-10-28 00:00:00", "gravity": "1.016", "temp": 61, "volume_units": "gl", "temp_units": "f", "entry_date": "2007-10-28 00:00:00"}},
{"model": "app.Step", "pk": 28, "fields": {"brew": 4, "type": "ferm2", "date": "2007-12-02 00:00:00", "gravity": "1.019", "temp": 57, "volume_units": "gl", "temp_units": "f", "entry_date": "2007-12-02 00:00:00"}},
{"model": "app.Step", "pk": 29, "fields": {"brew": 4, "type": "keg", "date": "2007-12-02 00:00:00", "volume_units": "gl", "temp_units": "f", "entry_date": "2007-12-02 00:00:00"}},

{"model": "app.Step", "pk": 30, "fields": {"brew": 4, "type": "batch1-start", "date": "2008-03-14 22:25:37", "entry_date": "2008-03-14 22:25:37"}}
]
